,Symbol,Name,Unnamed: 2,Price,Change,Change %,Volume,Avg Vol (3M),Market Cap,P/E Ratio (TTM),52 Wk Change %,52 Wk Range
0,RNA,"Avidity Biosciences, Inc.",,70.00 +20.85 (+42.42%),20.85,+42.42%,68.999M,4.103M,10.213B,--,+57.06%,21.51 70.51
1,DYN,"Dyne Therapeutics, Inc.",,24.17 +7.05 (+41.18%),7.05,+41.18%,12.265M,2.772M,3.439B,--,-20.02%,6.36 35.68
2,BBAR,Banco BBVA Argentina S.A.,,14.23 +4.12 (+40.75%),4.12,+40.75%,6.598M,1.249M,3.039B,11.58,+2.67%,7.76 25.01
3,GGAL,Grupo Financiero Galicia S.A.,,49.14 +13.71 (+38.70%),13.71,+38.70%,14.609M,3.074M,8.112B,7.77,-8.20%,25.89 74.00
4,BMA,Banco Macro S.A.,,79.11 +21.63 (+37.63%),21.63,+37.63%,3.515M,712642,5.251B,15.24,+0.19%,38.30 118.42
5,TEO,Telecom Argentina S.A.,,10.89 +2.97 (+37.50%),2.97,+37.50%,2.311M,306735,4.697B,--,+24.89%,6.43 15.54
6,TGS,Transportadora de Gas del Sur S.A.,,30.75 +8.27 (+36.79%),8.27,+36.79%,2.317M,566542,3.563B,17.00,+37.03%,19.74 34.37
7,YPF,YPF Sociedad Anónima,,33.36 +6.41 (+23.78%),6.41,+23.78%,15.366M,2.755M,13.091B,14.71,+34.30%,22.82 47.43
8,PAM,Pampa Energía S.A.,,77.49 +14.87 (+23.75%),14.87,+23.75%,2.059M,396151,4.4B,8.06,+16.70%,54.95 97.55
9,VIST,"Vista Energy, S.A.B. de C.V.",,47.50 +7.47 (+18.66%),7.47,+18.66%,7.981M,1.441M,4.952B,5.93,-6.22%,31.63 61.67
10,CAAP,Corporación América Airports S.A.,,21.62 +3.18 (+17.25%),3.18,+17.25%,569839,205839,3.526B,19.73,+15.31%,15.01 22.85
11,BBIO,"BridgeBio Pharma, Inc.",,63.56 +9.30 (+17.14%),9.3,+17.14%,8.486M,2.48M,12.151B,--,+159.43%,21.72 65.00
12,LUMN,"Lumen Technologies, Inc.",,9.36 +1.27 (+15.70%),1.27,+15.70%,37.818M,16.125M,9.605B,--,+41.82%,3.01 10.33
13,IMVT,"Immunovant, Inc.",,21.43 +2.49 (+13.15%),2.49,+13.15%,2.465M,1.575M,3.736B,--,-28.28%,12.72 32.10
14,DGNX,Diginex Limited,,15.76 +1.76 (+12.57%),1.76,+12.57%,973575,624187,3.199B,--,"+2,115.82%",0.45 39.86
15,LMND,"Lemonade, Inc.",,58.45 +6.31 (+12.10%),6.31,+12.10%,3.091M,2.693M,4.319B,--,+223.46%,17.91 62.00
16,JHG,Janus Henderson Group plc,,46.35 +4.72 (+11.34%),4.72,+11.34%,6.945M,1.224M,7.23B,15.68,+13.02%,28.26 49.42
17,QURE,uniQure N.V.,,67.92 +6.91 (+11.33%),6.91,+11.33%,2.456M,3.294M,4.184B,--,+957.94%,5.35 68.30
18,QCOM,QUALCOMM Incorporated,,187.68 +18.74 (+11.09%),18.74,+11.09%,78.358M,9.07M,202.507B,16.31,+6.64%,120.80 205.95
19,IDYA,"IDEAYA Biosciences, Inc.",,32.37 +3.19 (+10.93%),3.19,+10.93%,1.772M,1.23M,2.837B,--,+8.41%,13.45 32.67
20,AAOI,"Applied Optoelectronics, Inc.",,37.22 +3.21 (+9.44%),3.21,+9.44%,5.108M,5.235M,2.321B,--,+137.52%,9.71 44.50
21,CELC,Celcuity Inc.,,77.51 +6.54 (+9.22%),6.54,+9.22%,1.898M,1.351M,3.288B,--,+387.18%,7.58 83.00
22,GLNG,Golar LNG Limited,,41.53 +3.41 (+8.95%),3.41,+8.95%,2.995M,1.291M,4.249B,--,+13.16%,29.56 45.98
23,SYM,Symbotic Inc.,,70.69 +5.59 (+8.59%),5.59,+8.59%,2.003M,2.125M,41.742B,--,+139.46%,16.32 79.58
24,CRNX,"Crinetics Pharmaceuticals, Inc.",,44.34 +3.35 (+8.17%),3.35,+8.17%,1.265M,1.465M,4.176B,--,-21.19%,24.10 62.53
25,LITE,Lumentum Holdings Inc.,,193.80 +14.50 (+8.09%),14.5,+8.09%,5.417M,3.382M,13.743B,484.59,+194.71%,45.65 206.91
26,ASTS,"AST SpaceMobile, Inc.",,79.45 +5.75 (+7.80%),5.75,+7.80%,9.836M,12.322M,28.973B,--,+194.48%,17.50 102.79
27,RMBS,Rambus Inc.,,113.61 +8.19 (+7.77%),8.19,+7.77%,3.784M,2.002M,12.224B,49.91,+122.76%,40.12 114.55
28,KDP,Keurig Dr Pepper Inc.,,29.23 +2.07 (+7.62%),2.07,+7.62%,52.243M,18.368M,39.707B,--,-11.10%,25.03 36.12
29,RIOT,"Riot Platforms, Inc.",,23.00 +1.58 (+7.38%),1.58,+7.38%,19.9M,34.133M,8.501B,--,+111.59%,6.19 23.94
30,CDTX,"Cidara Therapeutics, Inc.",,99.98 +6.86 (+7.37%),6.86,+7.37%,1.443M,789715,2.535B,--,+646.68%,12.54 121.21
31,QBTS,D-Wave Quantum Inc.,,35.04 +2.39 (+7.32%),2.39,+7.32%,61.447M,52.539M,11.984B,--,"+2,973.68%",0.98 46.75
32,AKO-B,Embotelladora Andina S.A.,,25.85 +1.72 (+7.13%),1.72,+7.13%,46110,16743,3.777B,14.64,+41.72%,16.60 28.00
33,COGT,"Cogent Biosciences, Inc.",,16.20 +1.07 (+7.07%),1.07,+7.07%,3.356M,1.871M,2.263B,--,+35.00%,3.72 17.15
34,NBIS,Nebius Group N.V.,,125.43 +8.17 (+6.97%),8.17,+6.97%,15.881M,17.654M,31.501B,137.91,+430.36%,17.39 141.10
35,PRAX,"Praxis Precision Medicines, Inc.",,185.94 +11.97 (+6.88%),11.97,+6.88%,898665,787101,4.628B,--,+161.78%,26.70 205.89
36,SMCI,"Super Micro Computer, Inc.",,51.57 +3.28 (+6.79%),3.28,+6.79%,23.022M,32.31M,30.647B,28.77,+4.99%,17.25 66.44
37,NTSK,"Netskope, Inc.",,23.99 +1.52 (+6.76%),1.52,+6.76%,1.922M,4.041M,9.166B,--,+6.67%,21.00 27.99
38,PPTA,Perpetua Resources Corp.,,24.84 +1.54 (+6.61%),1.54,+6.61%,6.542M,2.942M,2.672B,--,+139.31%,7.81 31.65
39,PONY,Pony AI Inc.,,19.68 +1.22 (+6.61%),1.22,+6.61%,4.9M,7.096M,6.559B,--,+64.00%,4.11 24.92
40,BMNR,"Bitmine Immersion Technologies, Inc.",,53.71 +3.30 (+6.55%),3.3,+6.55%,31.699M,51.1M,15.013B,--,+593.03%,3.92 161.00
41,XPEV,XPeng Inc.,,23.02 +1.40 (+6.48%),1.4,+6.48%,12.499M,8.186M,21.713B,--,+98.45%,10.92 27.16
42,RVMD,"Revolution Medicines, Inc.",,57.99 +3.51 (+6.44%),3.51,+6.44%,3.336M,2.114M,10.84B,--,+15.01%,29.17 62.40
43,OS,"OneStream, Inc.",,19.14 +1.15 (+6.39%),1.15,+6.39%,1.665M,1.688M,4.648B,--,-39.92%,16.51 35.39
44,EW,Edwards Lifesciences Corporation,,80.82 +4.72 (+6.20%),4.72,+6.20%,13.099M,4.322M,47.449B,31.84,+16.51%,64.89 83.04
45,TVTX,"Travere Therapeutics, Inc.",,29.77 +1.71 (+6.09%),1.71,+6.09%,2.481M,2.087M,2.654B,--,+62.06%,12.91 29.81
46,ABTC,American Bitcoin Corp,,5.96 +0.34 (+6.05%),0.34,+6.05%,5.694M,4.161M,5.106B,2.13,+59.36%,0.63 14.65
47,OLLI,"Ollie's Bargain Outlet Holdings, Inc.",,124.21 +7.08 (+6.04%),7.08,+6.04%,1.137M,1.067M,7.615B,33.95,+37.92%,86.88 141.74
48,APLS,"Apellis Pharmaceuticals, Inc.",,29.78 +1.61 (+5.72%),1.61,+5.72%,2.156M,2.483M,3.761B,--,+8.65%,16.10 35.72
49,BUR,Burford Capital Limited,,11.29 +0.60 (+5.61%),0.6,+5.61%,2.768M,1.493M,2.47B,9.89,-16.37%,10.51 15.73
50,MELI,"MercadoLibre, Inc.",,"2,282.32 +121.21 (+5.61%)",121.21,+5.61%,585260,436587,115.708B,53.37,+12.62%,"1,646.00 2,645.22"
51,FCN,"FTI Consulting, Inc.",,166.58 +8.75 (+5.54%),8.75,+5.54%,593978,371445,5.143B,20.31,-17.18%,149.31 209.13
52,PCVX,"Vaxcyte, Inc.",,44.57 +2.34 (+5.54%),2.34,+5.54%,1.087M,1.71M,5.786B,--,-57.78%,27.66 116.00
53,PATH,UiPath Inc.,,17.39 +0.91 (+5.52%),0.91,+5.52%,28.027M,20.784M,9.234B,446.61,+36.93%,9.38 18.74
54,ENLT,Enlight Renewable Energy Ltd,,36.27 +1.88 (+5.47%),1.88,+5.47%,38550,28932,4.784B,202.25,+124.86%,14.01 36.65
55,APGE,"Apogee Therapeutics, Inc.",,56.23 +2.91 (+5.46%),2.91,+5.46%,1.01M,660150,3.804B,--,-0.18%,26.20 63.50
56,MRVL,"Marvell Technology, Inc.",,88.71 +4.58 (+5.44%),4.58,+5.44%,12.995M,21.07M,76.477B,--,+4.52%,47.09 127.48
57,CROX,"Crocs, Inc.",,87.29 +4.47 (+5.40%),4.47,+5.40%,2.334M,2.259M,4.768B,20.08,-21.77%,73.76 122.84
58,RARE,Ultragenyx Pharmaceutical Inc.,,35.31 +1.78 (+5.31%),1.78,+5.31%,1.35M,1.59M,3.403B,--,-33.13%,25.81 53.48
59,BROS,Dutch Bros Inc.,,59.87 +2.96 (+5.20%),2.96,+5.20%,3.467M,4.052M,9.85B,118.75,+70.57%,32.68 86.88
60,SLNO,"Soleno Therapeutics, Inc.",,67.51 +3.33 (+5.19%),3.33,+5.19%,1.607M,1.808M,3.588B,--,+19.93%,41.50 90.32
61,CCU,Compañía Cervecerías Unidas S.A.,,13.03 +0.64 (+5.17%),0.64,+5.17%,171777,156096,2.407B,14.31,+14.90%,10.65 15.75
62,MATX,"Matson, Inc.",,98.00 +4.78 (+5.13%),4.78,+5.13%,336789,348650,3.115B,6.29,-27.09%,86.97 169.12
63,VSCO,Victoria's Secret & Co.,,34.87 +1.70 (+5.13%),1.7,+5.13%,2.303M,2.785M,2.795B,17.87,+22.35%,13.76 48.73
64,U,Unity Software Inc.,,39.17 +1.88 (+5.04%),1.88,+5.04%,6.872M,11.726M,16.55B,--,+88.95%,15.33 46.94
65,ANF,Abercrombie & Fitch Co.,,73.91 +3.45 (+4.90%),3.45,+4.90%,1.725M,2.029M,3.479B,6.66,-46.62%,65.40 164.80
66,WRD,WeRide Inc.,,11.16 +0.52 (+4.89%),0.52,+4.89%,6.185M,6.908M,3.491B,--,-27.58%,6.03 44.00
67,CLF,Cleveland-Cliffs Inc.,,13.77 +0.64 (+4.87%),0.64,+4.87%,27.822M,25.835M,6.812B,--,+0.36%,5.63 16.70
68,BIDU,"Baidu, Inc.",,128.66 +5.90 (+4.81%),5.9,+4.81%,4.993M,5.648M,41.685B,11.22,+37.47%,74.71 149.51
69,GLOB,Globant S.A.,,62.64 +2.86 (+4.78%),2.86,+4.78%,1.38M,1.649M,2.76B,24.46,-71.62%,54.36 238.32
70,IRON,"Disc Medicine, Inc.",,89.65 +4.02 (+4.69%),4.02,+4.69%,409509,425390,3.352B,--,+95.32%,30.82 95.95
71,HCA,"HCA Healthcare, Inc.",,467.86 +20.82 (+4.66%),20.82,+4.66%,1.789M,1.286M,109.476B,17.31,+29.72%,289.98 469.18
72,ARM,Arm Holdings plc,,178.62 +7.94 (+4.65%),7.94,+4.65%,6.537M,5.148M,189.206B,258.59,+13.65%,80.00 183.16
73,HSAI,Hesai Group,,23.86 +1.06 (+4.65%),1.06,+4.65%,2.815M,3.093M,3.747B,211.06,+414.22%,4.02 30.85
74,NUVL,"Nuvalent, Inc.",,97.71 +4.32 (+4.63%),4.32,+4.63%,1.101M,455875,7.045B,--,+7.47%,55.54 101.00
75,GRAB,Grab Holdings Limited,,6.12 +0.27 (+4.62%),0.27,+4.62%,51.036M,44.877M,24.949B,300.76,+46.76%,3.36 6.62
76,ABVX,ABIVAX Société Anonyme,,94.84 +4.08 (+4.50%),4.08,+4.50%,1.214M,1.079M,7.381B,--,+794.72%,4.77 98.64
77,HUT,Hut 8 Corp.,,49.80 +2.14 (+4.49%),2.14,+4.49%,5.458M,6.558M,5.255B,32.63,+189.87%,10.04 57.29
78,FIGR,"Figure Technology Solutions, Inc.",,41.75 +1.78 (+4.45%),1.78,+4.45%,1.525M,5.081M,8.903B,31.98,+34.20%,30.01 49.50
79,ACAD,ACADIA Pharmaceuticals Inc.,,22.99 +0.97 (+4.41%),0.97,+4.41%,1.729M,2.12M,3.879B,16.61,+55.97%,13.40 26.65
80,TIGO,Millicom International Cellular S.A.,,49.46 +2.08 (+4.39%),2.08,+4.39%,733759,983384,8.262B,8.48,+77.47%,23.61 50.78
81,VKTX,"Viking Therapeutics, Inc.",,35.93 +1.51 (+4.39%),1.51,+4.39%,3.911M,6.466M,4.061B,--,-51.02%,18.92 79.10
82,PRKS,United Parks & Resorts Inc.,,51.88 +2.18 (+4.39%),2.18,+4.39%,764502,940593,2.855B,13.17,-5.50%,37.68 60.83
83,CADE,Cadence Bank,,38.09 +1.60 (+4.38%),1.6,+4.38%,31.441M,2.641M,7.096B,13.17,+12.53%,25.22 40.23
84,COHR,Coherent Corp.,,134.99 +5.65 (+4.37%),5.65,+4.37%,3.963M,4.185M,21.185B,--,+37.00%,45.58 136.00
85,KAI,Kadant Inc.,,303.71 +12.70 (+4.36%),12.7,+4.36%,190645,123026,3.577B,32.41,-5.25%,270.73 429.95
86,CLSK,"CleanSpark, Inc.",,20.20 +0.84 (+4.31%),0.84,+4.31%,23.343M,28.499M,5.678B,19.73,+63.30%,6.45 23.61
87,R,"Ryder System, Inc.",,168.26 +6.95 (+4.31%),6.95,+4.31%,726905,329362,6.794B,13.62,+15.95%,125.54 195.48
88,RXRX,"Recursion Pharmaceuticals, Inc.",,6.30 +0.26 (+4.30%),0.26,+4.30%,53.914M,37.37M,2.75B,--,-6.53%,3.79 12.36
89,HOOD,"Robinhood Markets, Inc.",,145.86 +6.01 (+4.30%),6.01,+4.30%,22.357M,39.42M,129.622B,71.14,+420.37%,23.00 153.86
90,KNSA,"Kiniksa Pharmaceuticals International, plc",,40.60 +1.67 (+4.29%),1.67,+4.29%,534716,509664,2.885B,589.53,+74.51%,17.82 40.89
91,TSLA,"Tesla, Inc.",,452.29 +18.57 (+4.28%),18.57,+4.28%,99.849M,86.894M,1.504T,299.30,+74.33%,214.25 488.54
92,TSEM,Tower Semiconductor Ltd.,,79.00 +3.23 (+4.26%),3.23,+4.26%,1.182M,1.199M,8.858B,43.56,+76.10%,28.64 81.43
93,SMTC,Semtech Corporation,,70.66 +2.87 (+4.23%),2.87,+4.23%,1.453M,1.788M,6.131B,235.17,+47.95%,24.05 79.52
94,VNET,"VNET Group, Inc.",,10.02 +0.40 (+4.16%),0.4,+4.16%,4.363M,6.312M,2.696B,--,+187.93%,3.25 16.13
95,IONQ,"IonQ, Inc.",,62.80 +2.50 (+4.15%),2.5,+4.15%,23.765M,27.525M,21.818B,--,+275.15%,14.15 84.64
96,ARLP,"Alliance Resource Partners, L.P.",,24.00 +0.95 (+4.12%),0.95,+4.12%,537609,369479,3.082B,--,-6.29%,22.20 30.56
97,CYTK,"Cytokinetics, Incorporated",,60.18 +2.35 (+4.06%),2.35,+4.06%,1.192M,2.228M,7.201B,--,+16.83%,29.31 63.86
98,DECK,Deckers Outdoor Corporation,,90.47 +3.53 (+4.06%),3.53,+4.06%,8.867M,3.281M,13.421B,12.88,-46.64%,86.83 223.98
99,W,Wayfair Inc.,,86.45 +3.36 (+4.04%),3.36,+4.04%,5.958M,4.04M,11.209B,--,+101.23%,20.41 91.77
100,KC,Kingsoft Cloud Holdings Limited,,13.39 +0.52 (+4.04%),0.52,+4.04%,1.351M,2.014M,3.961B,--,+357.00%,2.70 22.26
101,RH,RH,,188.23 +7.27 (+4.02%),7.27,+4.02%,961282,1.09M,3.528B,33.80,-39.65%,123.03 457.26
102,FUN,Six Flags Entertainment Corporation,,26.74 +1.03 (+4.01%),1.03,+4.01%,4.073M,4.54M,2.708B,--,-36.98%,20.00 49.77
103,AXSM,"Axsome Therapeutics, Inc.",,134.68 +5.13 (+3.96%),5.13,+3.96%,392279,536287,6.721B,--,+49.06%,75.56 139.13
104,BTDR,Bitdeer Technologies Group,,24.16 +0.92 (+3.96%),0.92,+3.96%,4.619M,5.854M,5.167B,--,+161.76%,6.84 27.80
105,NCNO,"nCino, Inc.",,27.10 +1.03 (+3.95%),1.03,+3.95%,1.596M,1.923M,3.139B,--,-29.46%,18.75 43.20
106,NUE,Nucor Corporation,,144.16 +5.46 (+3.94%),5.46,+3.94%,2.218M,1.581M,33.09B,25.11,-2.07%,97.59 170.52
107,MTSI,"MACOM Technology Solutions Holdings, Inc.",,146.39 +5.54 (+3.93%),5.54,+3.93%,966911,962273,10.902B,--,+22.42%,84.00 152.50
108,KYMR,"Kymera Therapeutics, Inc.",,60.85 +2.29 (+3.91%),2.29,+3.91%,532186,739993,4.351B,--,+25.49%,19.45 63.96
109,ARWR,"Arrowhead Pharmaceuticals, Inc.",,39.48 +1.48 (+3.89%),1.48,+3.89%,1.568M,2.362M,5.458B,--,+97.60%,9.57 40.29
110,PRCT,PROCEPT BioRobotics Corporation,,36.35 +1.36 (+3.89%),1.36,+3.89%,1.489M,1.167M,2.022B,--,-62.41%,32.11 103.81
111,ON,ON Semiconductor Corporation,,52.68 +1.97 (+3.88%),1.97,+3.88%,7.378M,8.778M,21.545B,46.62,-29.48%,31.04 76.06
112,SIMO,Silicon Motion Technology Corporation,,102.97 +3.84 (+3.87%),3.84,+3.87%,631335,360615,3.499B,43.09,+78.06%,37.21 106.60
113,PAGS,PagSeguro Digital Ltd.,,9.95 +0.37 (+3.86%),0.37,+3.86%,4.748M,4.664M,2.904B,7.30,+19.45%,6.11 11.16
114,CE,Celanese Corporation,,43.84 +1.63 (+3.86%),1.63,+3.86%,1.613M,2.114M,4.801B,--,-65.45%,36.29 129.07
115,BLSH,Bullish,,56.31 +2.09 (+3.85%),2.09,+3.85%,1.439M,5.946M,8.232B,--,-17.19%,47.88 118.00
116,RGC,Regencell Bioscience Holdings Limited,,16.51 +0.61 (+3.84%),0.61,+3.84%,129302,251185,8.164B,--,"+8,541.58%",0.09 83.60
117,MUSA,Murphy USA Inc.,,394.02 +14.52 (+3.83%),14.52,+3.83%,459718,322457,7.602B,15.72,-17.43%,345.23 561.08
118,BL,"BlackLine, Inc.",,54.56 +2.00 (+3.81%),2.0,+3.81%,6.641M,884621,3.377B,39.22,-4.83%,40.82 66.25
119,PINS,"Pinterest, Inc.",,35.24 +1.27 (+3.74%),1.27,+3.74%,7.068M,10.359M,23.097B,12.39,+8.66%,23.68 40.90
120,ASO,"Academy Sports and Outdoors, Inc.",,49.48 +1.78 (+3.73%),1.78,+3.73%,1.749M,1.669M,3.297B,8.96,-5.15%,33.34 61.25
121,APP,AppLovin Corporation,,643.10 +23.10 (+3.73%),23.1,+3.73%,3.254M,7.563M,209.715B,85.20,+273.37%,158.33 745.61
122,TGT,Target Corporation,,97.77 +3.51 (+3.72%),3.51,+3.72%,8.163M,8M,44.427B,10.99,-33.91%,85.36 158.42
123,DOW,Dow Inc.,,25.73 +0.92 (+3.71%),0.92,+3.71%,17.73M,14.192M,18.288B,--,-48.00%,20.40 50.14
124,TEX,Terex Corporation,,58.48 +2.09 (+3.71%),2.09,+3.71%,1.267M,734787,3.836B,21.10,+7.78%,31.53 58.66
125,LNTH,"Lantheus Holdings, Inc.",,58.13 +2.07 (+3.69%),2.07,+3.69%,1.257M,1.768M,3.952B,14.86,-47.20%,47.25 118.21
126,TS,Tenaris S.A.,,37.11 +1.32 (+3.69%),1.32,+3.69%,1.29M,1.646M,19.277B,9.83,+14.68%,30.06 40.87
127,VRT,Vertiv Holdings Co,,192.90 +6.84 (+3.68%),6.84,+3.68%,5.677M,7.61M,73.753B,70.15,+69.46%,53.60 194.00
128,SOFI,"SoFi Technologies, Inc.",,30.08 +1.07 (+3.67%),1.07,+3.67%,75.314M,72.234M,36.013B,59.27,+186.53%,8.60 30.30
129,TX,Ternium S.A.,,37.46 +1.31 (+3.62%),1.31,+3.62%,386303,203139,7.354B,11.93,+7.55%,24.00 37.78
130,GOOG,Alphabet Inc.,,269.93 +9.42 (+3.62%),9.42,+3.62%,18.574M,21.298M,3.147T,27.69,+57.72%,142.66 270.80
131,FOX,Fox Corporation,,54.81 +1.91 (+3.61%),1.91,+3.61%,855630,1.754M,24.963B,12.09,+41.37%,38.46 59.29
132,RGTI,"Rigetti Computing, Inc.",,40.24 +1.40 (+3.60%),1.4,+3.60%,68.532M,77.254M,13.044B,--,"+2,656.16%",1.06 58.15
133,GOOGL,Alphabet Inc.,,269.27 +9.35 (+3.60%),9.35,+3.60%,29.783M,33.035M,3.147T,27.69,+58.69%,140.53 270.14
134,OUST,"Ouster, Inc.",,37.08 +1.28 (+3.58%),1.28,+3.58%,3.085M,2.865M,2.144B,--,+422.25%,6.34 41.65
135,DLTR,"Dollar Tree, Inc.",,102.59 +3.54 (+3.57%),3.54,+3.57%,3.561M,4.507M,20.925B,19.13,+59.05%,60.49 118.06
136,VTMX,"Corporación Inmobiliaria Vesta, S.A.B. de C.V.",,29.79 +1.02 (+3.55%),1.02,+3.55%,135853,107284,2.52B,43.78,+19.59%,21.30 30.07
137,TME,Tencent Music Entertainment Group,,23.71 +0.81 (+3.54%),0.81,+3.54%,5.013M,5.576M,36.827B,24.84,+105.10%,10.11 26.70
138,M,"Macy's, Inc.",,19.38 +0.66 (+3.53%),0.66,+3.53%,6.097M,8.991M,5.204B,10.61,+24.47%,9.76 19.52
139,SE,Sea Limited,,160.10 +5.44 (+3.52%),5.44,+3.52%,3.615M,4.189M,91.562B,79.31,+66.79%,92.50 199.30
140,INOD,Innodata Inc.,,79.34 +2.69 (+3.51%),2.69,+3.51%,1.324M,2.431M,2.527B,59.85,+265.96%,19.69 93.85
141,TEVA,Teva Pharmaceutical Industries Limited,,19.61 +0.66 (+3.48%),0.66,+3.48%,8.652M,10.697M,22.496B,--,+6.40%,12.47 22.80
142,LSCC,Lattice Semiconductor Corporation,,71.53 +2.38 (+3.44%),2.38,+3.44%,1.013M,2.446M,9.792B,300.70,+28.93%,34.69 76.61
143,LRCX,Lam Research Corporation,,156.90 +5.22 (+3.44%),5.22,+3.44%,13.307M,11.987M,197.565B,33.47,+100.36%,56.32 158.25
144,MTN,"Vail Resorts, Inc.",,157.90 +5.25 (+3.44%),5.25,+3.44%,682867,664026,5.666B,20.27,-6.68%,129.85 199.45
145,KLAR,Klarna Group plc,,39.73 +1.32 (+3.44%),1.32,+3.44%,2.249M,4.013M,15.01B,--,-7.04%,35.01 47.48
146,NBIX,"Neurocrine Biosciences, Inc.",,148.94 +4.94 (+3.43%),4.94,+3.43%,847002,876531,14.772B,42.47,+28.19%,84.23 154.61
147,MDGL,"Madrigal Pharmaceuticals, Inc.",,435.78 +14.28 (+3.39%),14.28,+3.39%,221391,354892,9.713B,--,+100.09%,213.71 463.63
148,NET,"Cloudflare, Inc.",,225.11 +7.26 (+3.33%),7.26,+3.33%,1.783M,2.398M,75.917B,--,+151.46%,85.60 230.10
149,IREN,IREN Limited,,64.99 +2.09 (+3.32%),2.09,+3.32%,32.153M,35.367M,17.676B,161.28,+516.02%,5.13 74.15
150,LTH,"Life Time Group Holdings, Inc.",,26.77 +0.86 (+3.32%),0.86,+3.32%,2.112M,2.228M,5.889B,25.27,+17.67%,21.49 34.99
151,COCO,"The Vita Coco Company, Inc.",,40.98 +1.32 (+3.32%),1.32,+3.32%,800599,940129,2.329B,37.01,+33.14%,25.79 43.65
152,STLD,"Steel Dynamics, Inc.",,158.02 +5.07 (+3.31%),5.07,+3.31%,1.729M,1.295M,23.076B,20.38,+16.91%,103.17 158.50
153,RIVN,"Rivian Automotive, Inc.",,13.41 +0.43 (+3.31%),0.43,+3.31%,46.226M,43.953M,16.22B,--,+28.08%,9.50 17.15
154,INTC,Intel Corporation,,39.54 +1.26 (+3.29%),1.26,+3.29%,143.85M,127.058M,188.448B,848.01,+72.66%,17.67 41.12
155,EXEL,"Exelixis, Inc.",,39.99 +1.27 (+3.28%),1.27,+3.28%,1.812M,2.999M,10.765B,18.65,+39.19%,28.30 49.62
156,ALNY,"Alnylam Pharmaceuticals, Inc.",,478.58 +15.15 (+3.27%),15.15,+3.27%,986201,1.185M,62.732B,--,+68.11%,205.87 495.55
157,SITM,SiTime Corporation,,276.80 +8.69 (+3.24%),8.69,+3.24%,206667,366585,7.198B,--,+48.17%,105.40 323.66
158,ROIV,Roivant Sciences Ltd.,,18.81 +0.59 (+3.24%),0.59,+3.24%,10.707M,7.204M,12.845B,--,+62.44%,8.73 18.86
159,AAP,"Advance Auto Parts, Inc.",,56.32 +1.76 (+3.23%),1.76,+3.23%,1.149M,1.775M,3.378B,--,+57.10%,28.89 70.00
160,ALAB,"Astera Labs, Inc.",,170.28 +5.31 (+3.22%),5.31,+3.22%,3.4M,6.274M,28.304B,274.85,+129.89%,47.13 262.90
161,MAT,"Mattel, Inc.",,19.04 +0.59 (+3.20%),0.59,+3.20%,3.752M,3.808M,6.135B,13.94,-3.98%,13.95 22.07
162,LVS,Las Vegas Sands Corp.,,59.44 +1.84 (+3.19%),1.84,+3.19%,6.495M,5.118M,40.803B,26.00,+11.33%,30.18 59.66
163,TARS,"Tarsus Pharmaceuticals, Inc.",,68.17 +2.11 (+3.19%),2.11,+3.19%,289898,684284,2.878B,--,+55.38%,38.51 76.81
164,FOXA,Fox Corporation,,61.27 +1.89 (+3.18%),1.89,+3.18%,2.573M,3.58M,24.963B,12.09,+45.88%,41.76 65.30
165,LYB,LyondellBasell Industries N.V.,,49.09 +1.50 (+3.15%),1.5,+3.15%,3.932M,4.914M,15.79B,102.79,-43.69%,44.87 88.79
166,FRPT,"Freshpet, Inc.",,55.82 +1.70 (+3.14%),1.7,+3.14%,857060,1.517M,2.723B,82.00,-58.37%,46.76 164.07
167,LEVI,Levi Strauss & Co.,,21.42 +0.65 (+3.13%),0.65,+3.13%,2.906M,2.78M,8.372B,15.83,+23.17%,12.17 24.82
168,LIF,"Life360, Inc.",,97.86 +2.96 (+3.12%),2.96,+3.12%,394564,900850,7.589B,261.78,+120.21%,29.62 112.54
169,SNOW,Snowflake Inc.,,265.97 +8.03 (+3.11%),8.03,+3.11%,4.454M,5.537M,90.111B,--,+124.66%,113.23 267.80
170,TTD,"The Trade Desk, Inc.",,53.61 +1.61 (+3.10%),1.61,+3.10%,7.278M,16.236M,26.212B,62.68,-55.92%,42.96 141.53
171,AORT,"Artivion, Inc.",,44.74 +1.34 (+3.09%),1.34,+3.09%,454536,451790,2.111B,--,+67.38%,21.97 45.07
172,ENTG,"Entegris, Inc.",,94.32 +2.80 (+3.06%),2.8,+3.06%,1.225M,2.658M,14.28B,46.94,-13.24%,60.75 112.36
173,TIMB,TIM S.A.,,23.33 +0.69 (+3.05%),0.69,+3.05%,421825,393151,11.221B,16.46,+63.26%,11.32 23.34
174,JD,"JD.com, Inc.",,34.20 +1.01 (+3.04%),1.01,+3.04%,10.073M,15.53M,48.496B,9.24,-16.87%,29.90 46.45
175,SRPT,"Sarepta Therapeutics, Inc.",,23.50 +0.69 (+3.02%),0.69,+3.02%,4.024M,8.959M,2.46B,--,-81.95%,10.42 138.81
176,IONS,"Ionis Pharmaceuticals, Inc.",,72.99 +2.13 (+3.01%),2.13,+3.01%,1.593M,2.519M,11.634B,--,+83.81%,23.95 74.42
177,SLM,SLM Corporation,,28.45 +0.83 (+3.01%),0.83,+3.01%,2.845M,2.821M,5.776B,9.72,+28.38%,21.10 34.97
178,,,,,,,,,,,,
